"sampid","hid","isolate","datecollected"
"dzd-1","6662880545010910000","1","7/30/2018"
"dzd-10","8662897545036910000","1","7/30/2018"
"dzd-100","6898103792353320000","1","8/11/2018"
"dzd-1000","346443390425995000","1","10/7/2018"
"dzd-1001","7096515478049650000","1","10/7/2018"
"dzd-1002","6350216595745890000","1","10/7/2018"
"dzd-1003","5096514478036650000","1","10/7/2018"
"dzd-1004","6350216595746890000","1","10/7/2018"
"dzd-1005","3789389258994650000","1","10/7/2018"
"dzd-1006","6232304127413300000","1","10/7/2018"
"dzd-1007","5214411946349240000","2.0","10/7/2018"
"dzd-1008","5214413946362240000","1","10/7/2018"
"dzd-1009","9214415946258240000","1","10/7/2018"
"dzd-101","7105704412913570000","1","8/11/2018"
"dzd-1010","4230427018572750000","4.0","10/7/2018"
"dzd-1011","789376258961650000","1","10/7/2018"
"dzd-1012","7232318127435300000","1","10/7/2018"
"dzd-1013","4657325814767900000","2.0","10/7/2018"
"dzd-1014","785611053688754000","1","10/7/2018"
"dzd-1015","7677104092265300000","2.0","10/7/2018"
"dzd-1016","1326680112953590000","2.0","10/7/2018"
"dzd-1017","5769604981406240000","1","10/7/2018"
"dzd-1018","4657331814881900000","1","10/7/2018"
"dzd-1019","8214405946263240000","1","10/7/2018"
"dzd-102","4102046208257670000","1","8/11/2018"
"dzd-1020","4657331814881900000","1","10/7/2018"
"dzd-1021","7232318127435300000","1","10/7/2018"
"dzd-1022","7232311127433300000","1","10/7/2018"
"dzd-1023","5657339814895900000","1","10/7/2018"
"dzd-1024","5789382258870650000","5.0","10/7/2018"
"dzd-1025","5657339814895900000","1","10/7/2018"
"dzd-1026","785611053698754000","1","10/7/2018"
"dzd-1027","9214423946280240000","1","10/7/2018"
"dzd-1028","214401946448246000","1","10/7/2018"
"dzd-1029","785610053684754000","1","10/7/2018"
"dzd-103","7105704412910570000","1","8/11/2018"
"dzd-1030","4657331814882900000","1","10/7/2018"
"dzd-1031","5657332814759900000","1","10/7/2018"
"dzd-1032","8214402946248240000","1","10/7/2018"
"dzd-1033","1096489477997650000","1","10/7/2018"
"dzd-1034","214388946318245000","1","10/7/2018"
"dzd-1035","785618053702754000","1","10/7/2018"
"dzd-1036","8214405946263240000","1","10/7/2018"
"dzd-1037","210637741046349000","1","10/7/2018"
"dzd-1038","8214412946243240000","2.0","10/7/2018"
"dzd-1039","4657326814752900000","1","10/7/2018"
"dzd-104","6898115792360320000","1","8/11/2018"
"dzd-1040","8214413946244240000","1","10/7/2018"
"dzd-1041","7350228595733890000","1","10/7/2018"
"dzd-1042","4096503478036650000","1","10/7/2018"
"dzd-1043","3096495478009650000","2.0","10/7/2018"
"dzd-1044","8096515478061650000","2.0","10/7/2018"
"dzd-1045","2096495478001650000","1","10/7/2018"
"dzd-1046","1096487478015650000","1","10/7/2018"
"dzd-1047","1346455390561990000","1","10/7/2018"
"dzd-1048","5096518478164650000","1","10/7/2018"
"dzd-1049","8096510477940650000","1","10/7/2018"
"dzd-105","219933676551263000","1","8/11/2018"
"dzd-1050","6350223595724890000","1","10/7/2018"
"dzd-1051","1096487478016650000","2.0","10/7/2018"
"dzd-1052","7350226595753890000","1","10/7/2018"
"dzd-1053","3096495478010650000","1","10/7/2018"
"dzd-1054","8096515478061650000","1","10/7/2018"
"dzd-1055","7096505477936650000","1","10/7/2018"
"dzd-1056","785606053566753000","1","10/7/2018"
"dzd-1057","1346454390552990000","1","10/7/2018"
"dzd-1058","1346448390432990000","1","10/7/2018"
"dzd-1059","5096518478164650000","1","10/7/2018"
"dzd-106","4102057208391670000","1","8/11/2018"
"dzd-1060","6350226595745890000","1","10/7/2018"
"dzd-1061","4230425018561750000","1","10/7/2018"
"dzd-1062","7232310127417300000","2.0","10/7/2018"
"dzd-1063","3096496478023650000","1","10/7/2018"
"dzd-1064","785606053566753000","1","10/7/2018"
"dzd-1065","7232309127425300000","3.0","10/7/2018"
"dzd-1066","6346468390482990000","1","10/7/2018"
"dzd-1067","3096507478154650000","1","10/7/2018"
"dzd-1068","7096504477920650000","1","10/7/2018"
"dzd-1069","8214412946243240000","3.0","10/7/2018"
"dzd-107","5898112792359320000","1","8/11/2018"
"dzd-1070","8096515478056650000","1","10/7/2018"
"dzd-1071","3096495478008650000","1","10/7/2018"
"dzd-1072","6232306127427300000","2.0","10/7/2018"
"dzd-1073","1221156512353610000","3.0","10/21/2018"
"dzd-1074","2778848487674380000","2.0","10/21/2018"
"dzd-1075","1221156512353610000","3.0","10/21/2018"
"dzd-1076","5664103380801270000","1","10/21/2018"
"dzd-1077","1778843487669380000","2.0","10/21/2018"
"dzd-1078","5664108380795270000","1","10/21/2018"
"dzd-1079","778840487679383000","1","10/21/2018"
"dzd-108","3780067323368730000","1","8/11/2018"
"dzd-1080","2221153512239610000","1","10/21/2018"
"dzd-1081","778840487677383000","1","10/21/2018"
"dzd-1082","5664110380809270000","1","10/21/2018"
"dzd-1083","1221144512214610000","1","10/21/2018"
"dzd-1084","4221175512377610000","1","10/21/2018"
"dzd-1085","2778862487694380000","2.0","10/21/2018"
"dzd-1086","6664111380821270000","1","10/21/2018"
"dzd-1087","778839487664383000","1","10/21/2018"
"dzd-1088","7350227595751890000","1","10/21/2018"
"dzd-1089","778839487665383000","1","10/21/2018"
"dzd-109","219929676536263000","1","8/11/2018"
"dzd-1090","1221151512225610000","1","10/21/2018"
"dzd-1091","4230421018575750000","1","10/21/2018"
"dzd-1092","2221165512363610000","1","10/21/2018"
"dzd-1093","5653576609502000000","1","10/21/2018"
"dzd-1094","2778863487698380000","1","10/21/2018"
"dzd-1095","221142512220616000","1","10/21/2018"
"dzd-1096","778839487665383000","1","10/21/2018"
"dzd-1097","1771471077801590000","1","10/21/2018"
"dzd-1098","221146512208616000","2.0","10/21/2018"
"dzd-1099","1771456077783590000","1","10/21/2018"
"dzd-11","8662889545020910000","1","7/30/2018"
"dzd-110","3898088792332320000","1","8/11/2018"
"dzd-1100","4771481077810590000","1","10/21/2018"
"dzd-1101","4771486077822590000","1","10/21/2018"
"dzd-1102","8778996488367380000","1","10/21/2018"
"dzd-1103","778840487678383000","1","10/21/2018"
"dzd-1104","7779005488380380000","1","10/21/2018"
"dzd-1105","5664097380791270000","1","10/21/2018"
"dzd-1106","3336065619906720000","1","10/21/2018"
"dzd-1107","221146512208616000","3.0","10/21/2018"
"dzd-1108","4771485077805590000","1","10/21/2018"
"dzd-1109","1771461077780590000","1","10/21/2018"
"dzd-111","219935676531263000","1","8/11/2018"
"dzd-1110","1771470077798590000","1","10/21/2018"
"dzd-1111","3221159512245610000","1","10/21/2018"
"dzd-1112","8779010488380380000","1","10/21/2018"
"dzd-1113","6664107380800270000","2.0","10/21/2018"
"dzd-1114","221144512201616000","4.0","10/21/2018"
"dzd-1115","4221174512370610000","4.0","10/21/2018"
"dzd-1116","8779011488384380000","1","10/21/2018"
"dzd-1117","7664096380696270000","1","10/21/2018"
"dzd-1118","6664113380810270000","1","10/21/2018"
"dzd-1119","1221156512342610000","1","10/21/2018"
"dzd-112","1219937676542260000","1","8/11/2018"
"dzd-1120","221143512226616000","1","10/21/2018"
"dzd-1121","7782623692877280000","1","10/21/2018"
"dzd-1122","6782617692865280000","1","10/21/2018"
"dzd-1123","3336065619907720000","1","10/21/2018"
"dzd-1124","7782626692988280000","1","10/21/2018"
"dzd-1125","8778997488371380000","1","10/21/2018"
"dzd-1126","1771462077791590000","1","10/21/2018"
"dzd-1127","4771482077826590000","1","10/21/2018"
"dzd-1128","7778991488371380000","1","10/21/2018"
"dzd-1129","6664109380802270000","1","10/21/2018"
"dzd-113","7905504202258110000","1","8/13/2018"
"dzd-1130","6664115380812270000","1","10/21/2018"
"dzd-1131","8664097380692270000","1","10/21/2018"
"dzd-1132","6782623692976280000","1","10/21/2018"
"dzd-1133","8664100380703270000","1","10/21/2018"
"dzd-1134","7664100380694270000","1","10/21/2018"
"dzd-1135","3346438390310990000","1","10/21/2018"
"dzd-1136","6782619692985280000","1","10/21/2018"
"dzd-1137","346446390548995000","2.0","10/21/2018"
"dzd-1138","1771470077797590000","1","10/21/2018"
"dzd-1139","3771480077813590000","1","10/21/2018"
"dzd-114","1455176923898660000","1","8/13/2018"
"dzd-1140","4228561922258400000","1","10/21/2018"
"dzd-1141","1228533922113400000","1","10/21/2018"
"dzd-1142","6346466390464990000","1","10/21/2018"
"dzd-1143","771450077773590000","1","10/21/2018"
"dzd-1144","778838487660383000","1","10/21/2018"
"dzd-1145","6782624692977280000","2.0","10/21/2018"
"dzd-1146","3336066619910720000","1","10/21/2018"
"dzd-1147","3771476077817590000","1","10/21/2018"
"dzd-1148","228551922215409000","1","10/21/2018"
"dzd-1149","1771460077799590000","1","10/21/2018"
"dzd-115","8905513202254110000","1","8/13/2018"
"dzd-1150","6782615692862280000","1","10/21/2018"
"dzd-1151","228546922216409000","1","10/21/2018"
"dzd-1152","3771473077793590000","1","10/21/2018"
"dzd-1153","3771472077821590000","2.0","10/21/2018"
"dzd-1154","4221794356228030000","1","10/21/2018"
"dzd-1155","228551922215409000","1","10/21/2018"
"dzd-1156","3221781356226030000","1","10/21/2018"
"dzd-1157","6221795356117030000","1","10/21/2018"
"dzd-1158","3336065619914720000","3.0","10/21/2018"
"dzd-1159","3771479077797590000","3.0","10/21/2018"
"dzd-116","2105668412865570000","2.0","8/13/2018"
"dzd-1160","4771489077828590000","4.0","10/21/2018"
"dzd-1161","771451077772590000","1","10/21/2018"
"dzd-1162","2771473077792590000","1","10/21/2018"
"dzd-1163","1771463077782590000","1","10/21/2018"
"dzd-1164","6664112380804270000","1","10/21/2018"
"dzd-1165","8779011488386380000","1","10/21/2018"
"dzd-1166","8664103380688270000","1","10/21/2018"
"dzd-1167","6664113380810270000","1","10/21/2018"
"dzd-1168","7664093380682270000","1","10/21/2018"
"dzd-1169","6346465390467990000","2.0","10/21/2018"
"dzd-117","7105704412911570000","1","8/13/2018"
"dzd-1170","2221157512226610000","1","10/21/2018"
"dzd-1171","4221173512372610000","1","10/21/2018"
"dzd-1172","5653572609512000000","2.0","10/21/2018"
"dzd-1173","1221149512232610000","1","10/21/2018"
"dzd-1174","2778852487690380000","1","10/21/2018"
"dzd-1175","2221164512370610000","1","10/21/2018"
"dzd-1176","221142512215616000","1","10/21/2018"
"dzd-1177","5653573609513000000","1","10/21/2018"
"dzd-1178","5653573609515000000","1","10/21/2018"
"dzd-1179","778840487677383000","1","10/21/2018"
"dzd-118","1905361201558110000","1","8/13/2018"
"dzd-1180","778845487677383000","2.0","10/21/2018"
"dzd-1181","5653577609514000000","1","10/21/2018"
"dzd-1182","3346442390438990000","2.0","10/21/2018"
"dzd-1183","8096510477929650000","1","10/21/2018"
"dzd-1184","346446390542995000","1","10/21/2018"
"dzd-1185","6346466390463990000","1","10/21/2018"
"dzd-1186","3346442390434990000","1","10/21/2018"
"dzd-1187","6653588609507000000","1","10/21/2018"
"dzd-1188","5346451390343990000","1","10/21/2018"
"dzd-1189","6346466390464990000","3.0","10/21/2018"
"dzd-119","2105669412858570000","1","8/13/2018"
"dzd-1190","778838487671383000","1","10/21/2018"
"dzd-1191","2346435390316990000","2.0","10/21/2018"
"dzd-1192","778836487664383000","1","10/21/2018"
"dzd-1193","5664110380802270000","1","10/21/2018"
"dzd-1194","8779011488384380000","1","10/21/2018"
"dzd-1195","6653577609510000000","1","10/21/2018"
"dzd-1196","221147512213616000","2.0","10/21/2018"
"dzd-1197","2221165512368610000","1","10/21/2018"
"dzd-1198","5653574609521000000","2.0","10/21/2018"
"dzd-1199","778842487668383000","1","10/21/2018"
"dzd-12","8662897545031910000","1","7/30/2018"
"dzd-120","7905508202247110000","1","8/13/2018"
"dzd-1200","3221165512250610000","1","10/21/2018"
"dzd-1201","6653577609511000000","1","10/21/2018"
"dzd-1202","3221167512361610000","1","10/21/2018"
"dzd-1203","221147512221616000","1","10/21/2018"
"dzd-1204","778837487663383000","1","10/21/2018"
"dzd-1205","7350223595737890000","1","10/21/2018"
"dzd-1206","7350230595736890000","1","10/21/2018"
"dzd-1207","6350220595742890000","1","10/21/2018"
"dzd-1208","653556609451004000","1","10/21/2018"
"dzd-1209","346446390535995000","1","10/21/2018"
"dzd-121","1544850076136330000","1","8/13/2018"
"dzd-1210","778837487658383000","1","10/21/2018"
"dzd-1211","5653574609515000000","1","10/21/2018"
"dzd-1212","6350216595744890000","1","10/21/2018"
"dzd-1213","7350228595736890000","4.0","10/21/2018"
"dzd-1214","346446390548995000","4.0","10/21/2018"
"dzd-1215","221147512224616000","1","10/21/2018"
"dzd-1216","2346435390316990000","1","10/21/2018"
"dzd-1217","4099496838660130000","1","10/21/2018"
"dzd-1218","5221796356251030000","1","10/21/2018"
"dzd-1219","8779010488380380000","2.0","10/21/2018"
"dzd-122","6905504202252110000","1","8/13/2018"
"dzd-1220","9221798356158030000","1","10/21/2018"
"dzd-1221","4228559922250400000","1","10/21/2018"
"dzd-1222","6224926717520510000","1","10/21/2018"
"dzd-1223","4228562922261400000","2.0","10/21/2018"
"dzd-1224","5221798356234030000","3.0","10/21/2018"
"dzd-1225","5099514838675130000","1","10/21/2018"
"dzd-1226","9221808356154030000","1","10/21/2018"
"dzd-1227","8099534838711130000","1","10/21/2018"
"dzd-1228","4099506838660130000","1","10/21/2018"
"dzd-1229","4099495838659130000","1","10/21/2018"
"dzd-123","3898085792326320000","1","8/13/2018"
"dzd-1230","5099504838682130000","1","10/21/2018"
"dzd-1231","4099499838680130000","1","10/21/2018"
"dzd-1232","4099505838676130000","1","10/21/2018"
"dzd-1233","7221809356250030000","1","10/21/2018"
"dzd-1234","6346465390467990000","1","10/21/2018"
"dzd-1235","9099641839366130000","1","10/21/2018"
"dzd-1236","5221798356233030000","1","10/21/2018"
"dzd-1237","9221795356141030000","1","10/21/2018"
"dzd-1238","8224942717552510000","1","10/21/2018"
"dzd-1239","8224939717543510000","1","10/21/2018"
"dzd-124","3898093792336320000","1","8/13/2018"
"dzd-1240","7221805356262030000","1","10/21/2018"
"dzd-1241","5221800356238030000","1","10/21/2018"
"dzd-1242","221140512220616000","3.0","10/21/2018"
"dzd-1243","6221802356259030000","2.0","10/21/2018"
"dzd-1244","5221797356236030000","1","10/21/2018"
"dzd-1245","4228563922266400000","1","10/21/2018"
"dzd-1246","8099534838708130000","1","10/21/2018"
"dzd-1247","8347097234339410000","2.0","10/21/2018"
"dzd-1248","9221807356149030000","1","10/21/2018"
"dzd-1249","7224928717535510000","1","10/21/2018"
"dzd-125","544849076127331000","1","8/13/2018"
"dzd-1250","6224921717528510000","1","10/21/2018"
"dzd-1251","2336057619915720000","4.0","10/21/2018"
"dzd-1252","3336066619910720000","1","10/21/2018"
"dzd-1253","3221779356108030000","1","10/21/2018"
"dzd-1254","5221788356118030000","1","10/21/2018"
"dzd-1255","7224924717549510000","1","10/21/2018"
"dzd-1256","5221801356253030000","1","10/21/2018"
"dzd-1257","3336069619921720000","9.0","10/21/2018"
"dzd-1258","228546922218409000","1","10/21/2018"
"dzd-1259","1771471077795590000","3.0","10/21/2018"
"dzd-126","455167923882668000","1","8/13/2018"
"dzd-1260","4771482077813590000","3.0","10/21/2018"
"dzd-1261","4228556922137400000","1","10/21/2018"
"dzd-1262","771453077784590000","1","10/21/2018"
"dzd-1263","5221801356250030000","1","10/21/2018"
"dzd-1264","6221795356125030000","1","10/21/2018"
"dzd-1265","9106690515795400000","1","11/5/2018"
"dzd-1266","9106690515795400000","2.0","11/5/2018"
"dzd-1267","7106703515915400000","2.0","11/5/2018"
"dzd-1268","7106703515920400000","3.0","11/5/2018"
"dzd-1269","7106705515905400000","1","11/5/2018"
"dzd-127","1455176923909660000","1","8/13/2018"
"dzd-1270","5775434015761000000","1","11/5/2018"
"dzd-1271","1332503147297350000","2.0","11/5/2018"
"dzd-1272","1332503147297350000","1","11/5/2018"
"dzd-1273","6988814047726820000","1","11/5/2018"
"dzd-1274","6775438015774000000","2.0","11/5/2018"
"dzd-1275","6106689515766400000","1","11/5/2018"
"dzd-1276","7114080925664200000","1","11/5/2018"
"dzd-1277","1332501147319350000","1","11/5/2018"
"dzd-1278","8114097925799200000","1","11/5/2018"
"dzd-1279","2671136057210540000","1","11/5/2018"
"dzd-128","905347201536115000","2.0","8/13/2018"
"dzd-1280","2671136057210540000","2.0","11/5/2018"
"dzd-1281","1332493147303350000","1","11/5/2018"
"dzd-1282","1332505147302350000","1","11/5/2018"
"dzd-1283","2328877942706450000","2.0","11/5/2018"
"dzd-1284","2328877942706450000","1","11/5/2018"
"dzd-1285","8114099925812200000","1","11/5/2018"
"dzd-1286","5114073925770200000","1","11/5/2018"
"dzd-1287","5114073925770200000","2.0","11/5/2018"
"dzd-1288","8988800047482820000","1","11/5/2018"
"dzd-1289","6106692515780400000","1","11/5/2018"
"dzd-129","6898113792346320000","1","8/13/2018"
"dzd-1290","1110317720489300000","1","11/5/2018"
"dzd-1291","8106715515927400000","1","11/5/2018"
"dzd-1292","2904259366532760000","1","11/5/2018"
"dzd-1293","2904259366532760000","2.0","11/5/2018"
"dzd-1294","2904259366532760000","3.0","11/5/2018"
"dzd-1295","2904259366532760000","5.0","11/5/2018"
"dzd-1296","7340040557893140000","1","11/5/2018"
"dzd-1297","1332504147298350000","1","11/5/2018"
"dzd-1298","6988810047603820000","1","11/5/2018"
"dzd-1299","6988808047591820000","1","11/5/2018"
"dzd-13","3662887545115910000","1","7/30/2018"
"dzd-130","8105811413557570000","1","8/13/2018"
"dzd-1300","6988810047602820000","1","11/5/2018"
"dzd-1301","8988801047497820000","1","11/5/2018"
"dzd-1302","7988794047480820000","1","11/5/2018"
"dzd-1303","6988816047735820000","1","11/5/2018"
"dzd-1304","8114088925686200000","1","11/5/2018"
"dzd-1305","7988792047465820000","1","11/5/2018"
"dzd-1306","7988792047465820000","1","11/5/2018"
"dzd-1307","6988812047710820000","1","11/5/2018"
"dzd-1308","9106694515810400000","1","11/5/2018"
"dzd-1309","4889711279453690000","1","11/5/2018"
"dzd-131","8905515202264110000","1","8/13/2018"
"dzd-1310","3904268366530760000","2.0","11/5/2018"
"dzd-1311","3904268366530760000","1","11/5/2018"
"dzd-1312","3904274366528760000","1","11/5/2018"
"dzd-1313","9106693515801400000","2.0","11/5/2018"
"dzd-1314","9106693515801400000","3.0","11/5/2018"
"dzd-1315","8332653148005350000","1","11/5/2018"
"dzd-1316","3671139057229540000","3.0","11/5/2018"
"dzd-1317","3671139057229540000","2.0","11/5/2018"
"dzd-1318","1328865942681450000","2.0","11/5/2018"
"dzd-1319","1328865942681450000","1","11/5/2018"
"dzd-132","544848076124331000","1","8/13/2018"
"dzd-1320","328857942666454000","2.0","11/5/2018"
"dzd-1321","328857942666454000","1","11/5/2018"
"dzd-1322","2671136057215540000","1","11/5/2018"
"dzd-1323","3671149057237540000","1","11/5/2018"
"dzd-1324","8332659148006350000","1","11/5/2018"
"dzd-1325","9106693515801400000","1","11/5/2018"
"dzd-1326","9114107925822200000","1","11/5/2018"
"dzd-1327","6775433015761000000","1","11/5/2018"
"dzd-1328","6114076925667200000","1","11/5/2018"
"dzd-1329","8114101925816200000","1","11/5/2018"
"dzd-133","2340890660084970000","2.0","8/13/2018"
"dzd-1330","8332652148010350000","1","11/5/2018"
"dzd-1331","7114081925663200000","1","11/5/2018"
"dzd-1332","2671134057231540000","3.0","11/5/2018"
"dzd-1333","2671134057231540000","2.0","11/5/2018"
"dzd-1334","6775433015760000000","1","11/5/2018"
"dzd-1335","1328876942811450000","1","11/5/2018"
"dzd-1336","8114094925815200000","1","11/5/2018"
"dzd-1337","8114094925813200000","1","11/5/2018"
"dzd-1338","1332505147308350000","1","11/5/2018"
"dzd-1339","5114074925782200000","1","11/5/2018"
"dzd-134","5544988076797330000","1","8/13/2018"
"dzd-1340","5114074925782200000","1","11/5/2018"
"dzd-1341","8114099925815200000","1","11/5/2018"
"dzd-1342","2328877942704450000","1","11/5/2018"
"dzd-1343","7114090925789200000","1","11/5/2018"
"dzd-1344","8114094925812200000","1","11/5/2018"
"dzd-1345","1904146365886760000","3.0","11/5/2018"
"dzd-1346","1904146365886760000","1","11/5/2018"
"dzd-1347","1904146365886760000","1","11/5/2018"
"dzd-1348","1904146365886760000","1","11/5/2018"
"dzd-1349","9114107925823200000","1","11/5/2018"
"dzd-135","8905507202248110000","3.0","8/13/2018"
"dzd-1350","7332648147996350000","1","11/5/2018"
"dzd-1351","1332501147320350000","1","11/5/2018"
"dzd-1352","7114089925807200000","1","11/5/2018"
"dzd-1353","3904274366528760000","2.0","11/5/2018"
"dzd-1354","3904274366528760000","1","11/5/2018"
"dzd-1355","1904148365873760000","2.0","11/5/2018"
"dzd-1356","1904148365873760000","1","11/5/2018"
"dzd-1357","5775431015766000000","1","11/5/2018"
"dzd-1358","5114078925771200000","1","11/5/2018"
"dzd-1359","5775431015766000000","1","11/5/2018"
"dzd-136","1544840076115330000","1","8/13/2018"
"dzd-1360","2328880942815450000","1","11/5/2018"
"dzd-1361","3671149057234540000","1","11/5/2018"
"dzd-1362","671149057346545000","1","11/5/2018"
"dzd-1363","4671143057231540000","1","11/5/2018"
"dzd-1364","6106691515784400000","1","11/5/2018"
"dzd-1365","1328871942694450000","1","11/5/2018"
"dzd-1366","1889688279424690000","1","11/5/2018"
"dzd-1367","4671146057253540000","1","11/5/2018"
"dzd-1368","6775436015775000000","1","11/5/2018"
"dzd-1369","2671132057214540000","2.0","11/5/2018"
"dzd-137","455166923878668000","1","8/13/2018"
"dzd-1370","2328872942702450000","1","11/5/2018"
"dzd-1371","5775429015755000000","2.0","11/5/2018"
"dzd-1372","1671149057352540000","1","11/5/2018"
"dzd-1373","1671149057352540000","2.0","11/5/2018"
"dzd-1374","1328871942691450000","1","11/5/2018"
"dzd-1375","7904276366441760000","1","11/5/2018"
"dzd-1376","1889688279424690000","4.0","11/5/2018"
"dzd-1377","2671132057214540000","1","11/5/2018"
"dzd-1378","1328865942691450000","1","11/5/2018"
"dzd-1379","6340027557876140000","3.0","11/5/2018"
"dzd-138","2340894660202970000","2.0","8/13/2018"
"dzd-1380","6340027557876140000","2.0","11/5/2018"
"dzd-1381","6340027557876140000","1","11/5/2018"
"dzd-1382","4671149057234540000","1","11/5/2018"
"dzd-1383","5106686515771400000","1","11/5/2018"
"dzd-1384","4671149057236540000","1","11/5/2018"
"dzd-1385","7340039557884140000","1","11/5/2018"
"dzd-1386","4671156057250540000","1","11/5/2018"
"dzd-1387","6106693515896400000","1","11/5/2018"
"dzd-1388","2671130057212540000","1","11/5/2018"
"dzd-1389","4671156057244540000","1","11/5/2018"
"dzd-139","3544861076153330000","1","8/13/2018"
"dzd-1390","3671138057237540000","1","11/5/2018"
"dzd-1391","3671141057217540000","1","11/5/2018"
"dzd-1392","4671147057233540000","1","11/5/2018"
"dzd-1393","3671148057235540000","1","11/5/2018"
"dzd-1394","2671134057226540000","1","11/5/2018"
"dzd-1395","5106684515774400000","1","11/5/2018"
"dzd-1396","3889709279568690000","3.0","11/5/2018"
"dzd-1397","3889709279568690000","1","11/5/2018"
"dzd-1398","3889709279568690000","2.0","11/5/2018"
"dzd-1399","1889689279415690000","2.0","11/5/2018"
"dzd-14","3337273455594080000","1","7/30/2018"
"dzd-140","1544848076134330000","1","8/13/2018"
"dzd-1400","671136057208545000","1","11/5/2018"
"dzd-1401","6106703515913400000","1","11/5/2018"
"dzd-1402","8904283366460760000","1","11/5/2018"
"dzd-1403","328860942684454000","1","11/5/2018"
"dzd-1404","1671154057345540000","1","11/5/2018"
"dzd-1405","7904272366449760000","2.0","11/5/2018"
"dzd-1406","7106705515911400000","1","11/5/2018"
"dzd-1407","671149057341545000","1","11/5/2018"
"dzd-1408","1889688279424690000","2.0","11/5/2018"
"dzd-1409","3014992157627070000","1","11/5/2018"
"dzd-141","6905504202252110000","1","8/13/2018"
"dzd-1410","4988789047566820000","1","11/5/2018"
"dzd-1411","3014993157637070000","1","11/5/2018"
"dzd-1412","328861942689454000","1","11/5/2018"
"dzd-1413","1014983157620070000","2.0","11/5/2018"
"dzd-1414","6988814047724820000","1","11/5/2018"
"dzd-1415","2014990157738070000","1","11/5/2018"
"dzd-1416","4988798047584820000","1","11/5/2018"
"dzd-1417","2014993157747070000","1","11/5/2018"
"dzd-1418","8988809047616820000","1","11/5/2018"
"dzd-1419","7015003157677070000","1","11/5/2018"
"dzd-142","544841076123331000","1","8/13/2018"
"dzd-1420","7015003157673070000","1","11/5/2018"
"dzd-1421","8457926026077730000","1","11/5/2018"
"dzd-1422","2457907026153730000","1","11/5/2018"
"dzd-1423","8015003157558070000","1","11/5/2018"
"dzd-1424","8457940026213730000","2.0","11/5/2018"
"dzd-1425","1014983157620070000","1","11/5/2018"
"dzd-1426","1014983157620070000","2.0","11/5/2018"
"dzd-1427","2985029842281920000","1","11/5/2018"
"dzd-1428","5014994157647070000","3.0","11/5/2018"
"dzd-1429","5014994157647070000","1","11/5/2018"
"dzd-143","5905487202243110000","2.0","8/13/2018"
"dzd-1430","1985018842274920000","1","11/5/2018"
"dzd-1431","2985020842286920000","1","11/5/2018"
"dzd-1432","2457909026165730000","1","11/5/2018"
"dzd-1433","4988801047696820000","1","11/5/2018"
"dzd-1434","5988810047723820000","1","11/5/2018"
"dzd-1435","1332504147310350000","1","11/5/2018"
"dzd-1436","5988804047591820000","1","11/5/2018"
"dzd-1437","2457906026151730000","1","11/5/2018"
"dzd-1438","332486147288350000","1","11/5/2018"
"dzd-1439","4988789047563820000","1","11/5/2018"
"dzd-144","4780075323371730000","1","8/13/2018"
"dzd-1440","8988803047605820000","1","11/5/2018"
"dzd-1441","8457936026094730000","1","11/5/2018"
"dzd-1442","8457936026094730000","1","11/5/2018"
"dzd-1443","8988802047599820000","1","11/5/2018"
"dzd-1444","7988794047485820000","1","11/5/2018"
"dzd-1445","8457939026212730000","1","11/5/2018"
"dzd-1446","8457939026212730000","2.0","11/5/2018"
"dzd-1447","4988798047586820000","1","11/5/2018"
"dzd-1448","8114101925818200000","1","11/5/2018"
"dzd-1449","3457912026163730000","1","11/5/2018"
"dzd-145","4105679412873570000","1","8/13/2018"
"dzd-1450","3988788047561820000","1","11/5/2018"
"dzd-1451","5988805047701820000","1","11/5/2018"
"dzd-1452","8457940026213730000","1","11/5/2018"
"dzd-1453","4988798047584820000","1","11/5/2018"
"dzd-1454","8114101925819200000","1","11/5/2018"
"dzd-1455","5114079925775200000","1","11/5/2018"
"dzd-1456","1332502147316350000","2.0","11/5/2018"
"dzd-1457","897092689418488000","1","11/14/2018"
"dzd-1458","2014993157754070000","2.0","11/14/2018"
"dzd-1459","8457937026203730000","1","11/14/2018"
"dzd-146","3905371201562110000","2.0","8/13/2018"
"dzd-1460","8988801047490820000","1","11/14/2018"
"dzd-1461","6014987157517070000","2.0","11/14/2018"
"dzd-1462","2985019842284920000","1","11/14/2018"
"dzd-1463","897092689417488000","1","11/14/2018"
"dzd-1464","3014998157758070000","1","11/14/2018"
"dzd-1465","4014975157500070000","3.0","11/14/2018"
"dzd-1466","4014975157500070000","2.0","11/14/2018"
"dzd-1467","8015009157685070000","1","11/14/2018"
"dzd-1468","2014994157753070000","2.0","11/14/2018"
"dzd-1469","2014994157753070000","1","11/14/2018"
"dzd-147","6544993076806330000","1","8/13/2018"
"dzd-1470","3457927026177730000","1","11/14/2018"
"dzd-1471","2985021842288920000","2.0","11/14/2018"
"dzd-1472","2985021842288920000","1","11/14/2018"
"dzd-1473","3014998157758070000","2.0","11/14/2018"
"dzd-1474","3014995157644070000","1","11/14/2018"
"dzd-1475","7015007157664070000","5.0","11/14/2018"
"dzd-1476","4988800047698820000","1","11/14/2018"
"dzd-1477","3457927026180730000","1","11/14/2018"
"dzd-1478","3457927026180730000","2.0","11/14/2018"
"dzd-1479","4988803047714820000","1","11/14/2018"
"dzd-148","1455174923892660000","2.0","8/13/2018"
"dzd-1480","6014988157529070000","1","11/14/2018"
"dzd-1481","3102938310626510000","2.0","11/14/2018"
"dzd-1482","3102938310626510000","1","11/14/2018"
"dzd-1483","1353626067633270000","1","11/14/2018"
"dzd-1484","353627067628270000","1","11/14/2018"
"dzd-1485","353623067639270000","1","11/14/2018"
"dzd-1486","353627067629270000","1","11/14/2018"
"dzd-1487","2457907026153730000","1","11/14/2018"
"dzd-1488","7015001157674070000","1","11/14/2018"
"dzd-1489","897093689419488000","2.0","11/14/2018"
"dzd-149","8905514202253110000","1","8/13/2018"
"dzd-1490","897093689419488000","1","11/14/2018"
"dzd-1491","2897078689318480000","2.0","11/14/2018"
"dzd-1492","3014994157640070000","1","11/14/2018"
"dzd-1493","7114090925788200000","1","11/14/2018"
"dzd-1494","1985015842287920000","1","11/14/2018"
"dzd-1495","5014987157646070000","1","11/14/2018"
"dzd-1496","5014987157646070000","1","11/14/2018"
"dzd-1497","7015001157674070000","3.0","11/14/2018"
"dzd-1498","2897077689303480000","1","11/14/2018"
"dzd-1499","3897086689329480000","1","11/14/2018"
"dzd-15","7662884545020910000","1","7/30/2018"
"dzd-150","4105675412881570000","1","8/13/2018"
"dzd-1500","3014993157625070000","1","11/14/2018"
"dzd-1501","2985024842283920000","1","11/14/2018"
"dzd-1502","897093689425488000","1","11/14/2018"
"dzd-1503","3102939310602510000","1","11/14/2018"
"dzd-1504","2102935310602510000","1","11/14/2018"
"dzd-1505","1985016842283920000","6.0","11/14/2018"
"dzd-1506","3102941310608510000","1","11/14/2018"
"dzd-1507","3102941310608510000","2.0","11/14/2018"
"dzd-1508","2014993157754070000","1","11/14/2018"
"dzd-1509","5988798047582820000","1","11/14/2018"
"dzd-151","4105675412880570000","1","8/13/2018"
"dzd-1510","5988798047583820000","1","11/14/2018"
"dzd-1511","2985023842308920000","1","11/14/2018"
"dzd-1512","2014987157628070000","1","11/14/2018"
"dzd-1513","2014993157748070000","1","11/14/2018"
"dzd-1514","1985020842282920000","1","11/14/2018"
"dzd-1515","8332657148006350000","1","11/14/2018"
"dzd-1516","6988810047599820000","1","11/14/2018"
"dzd-1517","1985021842291920000","1","11/14/2018"
"dzd-1518","8015008157684070000","1","11/14/2018"
"dzd-1519","6114078925671200000","2.0","11/14/2018"
"dzd-152","2105665412866570000","1","8/13/2018"
"dzd-1520","6114078925671200000","6.0","11/14/2018"
"dzd-1521","8897095689228480000","1","11/14/2018"
"dzd-1522","8900862894642380000","1","11/14/2018"
"dzd-1523","1014988157753070000","3.0","11/14/2018"
"dzd-1524","8900855894624380000","1","11/14/2018"
"dzd-1525","4545875179169160000","2.0","11/14/2018"
"dzd-1526","4545875179169160000","1","11/14/2018"
"dzd-1527","8897108689362480000","1","11/14/2018"
"dzd-1528","1985016842283920000","1","11/14/2018"
"dzd-1529","8900859894626380000","1","11/14/2018"
"dzd-153","6544991076823330000","1","8/13/2018"
"dzd-1530","8900854894624380000","1","11/14/2018"
"dzd-1531","1985015842292920000","2.0","11/14/2018"
"dzd-1532","7545868179069160000","1","11/14/2018"
"dzd-1533","6545865179048160000","1","11/14/2018"
"dzd-1534","7545871179058160000","1","11/14/2018"
"dzd-1535","3897094689448480000","2.0","11/14/2018"
"dzd-1536","3897094689448480000","3.0","11/14/2018"
"dzd-1537","3102943310615510000","2.0","11/14/2018"
"dzd-1538","3353619067536270000","1","11/14/2018"
"dzd-1539","6545863179045160000","1","11/14/2018"
"dzd-154","4544977076789330000","1","8/13/2018"
"dzd-1540","3897082689312480000","1","11/14/2018"
"dzd-1541","1102932310610510000","2.0","11/14/2018"
"dzd-1542","1102932310610510000","1","11/14/2018"
"dzd-1543","3897083689315480000","1","11/14/2018"
"dzd-1544","7545878179070160000","1","11/14/2018"
"dzd-1545","5545860179052160000","1","11/14/2018"
"dzd-1546","8545879179077160000","1","11/14/2018"
"dzd-1547","8900853894627380000","1","11/14/2018"
"dzd-1548","6545860179047160000","1","11/14/2018"
"dzd-1549","3545869179159160000","1","11/14/2018"
"dzd-155","455160923901668000","1","8/13/2018"
"dzd-1550","3545869179159160000","2.0","11/14/2018"
"dzd-1551","8900854894627380000","1","11/14/2018"
"dzd-1552","7545868179068160000","1","11/14/2018"
"dzd-1553","3796443935430920000","1","11/27/2018"
"dzd-1554","7900851894635380000","1","11/27/2018"
"dzd-1555","7900851894635380000","4.0","11/27/2018"
"dzd-1556","3353623067529270000","1","11/27/2018"
"dzd-1557","7646540933062730000","1","11/27/2018"
"dzd-1558","7900851894626380000","3.0","11/27/2018"
"dzd-1559","7900851894626380000","2.0","11/27/2018"
"dzd-156","1544850076141330000","1","8/13/2018"
"dzd-1560","7900851894626380000","1","11/27/2018"
"dzd-1561","353623067642270000","1","11/27/2018"
"dzd-1562","1353626067637270000","1","11/27/2018"
"dzd-1563","6796565936107920000","1","11/27/2018"
"dzd-1564","4353638067682270000","1","11/27/2018"
"dzd-1565","353629067644270000","1","11/27/2018"
"dzd-1566","3545870179162160000","1","11/27/2018"
"dzd-1567","5796567936085920000","1","11/27/2018"
"dzd-1568","7353649067577270000","1","11/27/2018"
"dzd-1569","5353638067561270000","1","11/27/2018"
"dzd-157","5544980076812330000","1","8/13/2018"
"dzd-1570","6796564936107920000","1","11/27/2018"
"dzd-1571","1796420935418920000","1","11/27/2018"
"dzd-1572","2353616067516270000","1","11/27/2018"
"dzd-1573","5353637067561270000","1","11/27/2018"
"dzd-1574","8549627384327060000","1","11/27/2018"
"dzd-1575","8545880179063160000","1","11/27/2018"
"dzd-1576","6545868179043160000","1","11/27/2018"
"dzd-1577","5545860179052160000","1","11/27/2018"
"dzd-1578","6796567936102920000","1","11/27/2018"
"dzd-1579","2796435935412920000","1","11/27/2018"
"dzd-158","8905514202264110000","1","8/13/2018"
"dzd-1580","3796446935442920000","1","11/27/2018"
"dzd-1581","3545870179162160000","1","11/27/2018"
"dzd-1582","353625067621270000","1","11/27/2018"
"dzd-1583","7353653067693270000","1","11/27/2018"
"dzd-1584","5796568936100920000","1","11/27/2018"
"dzd-1585","3796441935419920000","1","11/27/2018"
"dzd-1586","3796440935440920000","1","11/27/2018"
"dzd-1587","3796445935439920000","1","11/27/2018"
"dzd-1588","6796567936095920000","1","11/27/2018"
"dzd-1589","5796562936089920000","1","11/27/2018"
"dzd-159","544836076116331000","1","8/13/2018"
"dzd-1590","1796420935418920000","1","11/27/2018"
"dzd-1591","4353624067538270000","1","11/27/2018"
"dzd-1592","4353624067538270000","2.0","11/27/2018"
"dzd-1593","4796551936090920000","1","11/27/2018"
"dzd-1594","2353620067535270000","1","11/27/2018"
"dzd-1595","2353620067535270000","2.0","11/27/2018"
"dzd-1596","6646534933061730000","1","11/27/2018"
"dzd-1597","3796442935423920000","1","11/27/2018"
"dzd-1598","2353616067516270000","1","11/27/2018"
"dzd-1599","6545859179046160000","1","11/27/2018"
"dzd-16","3783559224613890000","1","7/30/2018"
"dzd-160","7545001076821330000","1","8/13/2018"
"dzd-1600","6545859179046160000","5.0","11/27/2018"
"dzd-1601","6796566936092920000","1","11/27/2018"
"dzd-1602","8545884179078160000","2.0","11/27/2018"
"dzd-1603","1000101009913320000","1","11/27/2018"
"dzd-1604","1353633067650270000","1","11/27/2018"
"dzd-1605","3102939310603510000","1","11/27/2018"
"dzd-1606","8900856894638380000","1","11/27/2018"
"dzd-1607","6545868179043160000","1","11/27/2018"
"dzd-1608","8900859894622380000","1","11/27/2018"
"dzd-1609","1353631067633270000","1","11/27/2018"
"dzd-161","1340882660067970000","1","8/13/2018"
"dzd-1610","7545878179067160000","1","11/27/2018"
"dzd-1611","1353631067633270000","1","11/27/2018"
"dzd-1612","353626067634270000","1","11/27/2018"
"dzd-1613","3353622067525270000","1","11/27/2018"
"dzd-1614","1353633067636270000","1","11/27/2018"
"dzd-1615","8900863894616380000","1","11/27/2018"
"dzd-1616","3454156820785830000","1","11/27/2018"
"dzd-1617","102917310578511000","1","11/27/2018"
"dzd-1618","897092689421488000","1","11/27/2018"
"dzd-1619","353628067630270000","1","11/27/2018"
"dzd-162","1340884660077970000","1","8/13/2018"
"dzd-1620","102917310578511000","2.0","11/27/2018"
"dzd-1621","3353622067524270000","1","11/27/2018"
"dzd-1622","1897092689421480000","2.0","11/27/2018"
"dzd-1623","1897092689421480000","1","11/27/2018"
"dzd-1624","4545877179170160000","1","11/27/2018"
"dzd-1625","1353636067653270000","1","11/27/2018"
"dzd-1626","353628067630270000","1","11/27/2018"
"dzd-1627","7900852894614380000","2.0","11/27/2018"
"dzd-1628","102916310572510000","7.0","11/27/2018"
"dzd-1629","102916310572510000","6.0","11/27/2018"
"dzd-163","1340888660191970000","1","8/13/2018"
"dzd-1630","102916310572510000","4.0","11/27/2018"
"dzd-1631","102916310572510000","3.0","11/27/2018"
"dzd-1632","102916310572510000","2.0","11/27/2018"
"dzd-1633","1353633067638270000","1","11/27/2018"
"dzd-1634","8900859894621380000","1","11/27/2018"
"dzd-1635","102916310572510000","1","11/27/2018"
"dzd-1636","102916310572510000","8.0","11/27/2018"
"dzd-1637","102916310572510000","5.0","11/27/2018"
"dzd-1638","8900863894616380000","1","11/27/2018"
"dzd-1639","3353618067531270000","1","11/27/2018"
"dzd-164","2340893660201970000","1","8/13/2018"
"dzd-1640","3353617067526270000","1","11/27/2018"
"dzd-1641","8559991692473430000","2.0","11/27/2018"
"dzd-1642","5353644067691270000","1","11/27/2018"
"dzd-1643","3545858179031160000","1","11/27/2018"
"dzd-1644","353625067629270000","1","11/27/2018"
"dzd-1645","3454162820901830000","1","11/27/2018"
"dzd-1646","1353634067646270000","2.0","11/27/2018"
"dzd-1647","1353634067646270000","1","11/27/2018"
"dzd-1648","1353634067646270000","3.0","11/27/2018"
"dzd-165","2105664412869570000","1","8/13/2018"
"dzd-166","5905484202226110000","2.0","8/13/2018"
"dzd-167","6544991076820330000","1","8/13/2018"
"dzd-168","5905485202224110000","1","8/13/2018"
"dzd-169","3544865076153330000","1","8/13/2018"
"dzd-17","9105827413560570000","1","8/11/2018"
"dzd-170","8105811413560570000","2.0","8/13/2018"
"dzd-171","4105672412870570000","2.0","8/13/2018"
"dzd-172","6105694412906570000","1","8/13/2018"
"dzd-173","8105818413568570000","1","8/13/2018"
"dzd-174","1340883660063970000","1","8/13/2018"
"dzd-175","5898099792351320000","1","8/13/2018"
"dzd-176","8105811413561570000","2.0","8/13/2018"
"dzd-177","3544864076137330000","1","8/13/2018"
"dzd-178","7544991076830330000","1","8/13/2018"
"dzd-179","1455175923905660000","2.0","8/13/2018"
"dzd-18","2662876545104910000","1","8/11/2018"
"dzd-180","544834076111331000","1","8/13/2018"
"dzd-181","3102041208248670000","1","8/13/2018"
"dzd-182","7545003076831330000","1","8/13/2018"
"dzd-183","5544988076806330000","1","8/13/2018"
"dzd-184","6544990076817330000","1","8/13/2018"
"dzd-185","3544863076136330000","1","8/13/2018"
"dzd-186","7544990076815330000","1","8/13/2018"
"dzd-187","7545003076825330000","1","8/13/2018"
"dzd-188","3544858076145330000","1","8/13/2018"
"dzd-189","3544863076136330000","1","8/13/2018"
"dzd-19","3780076323361730000","1","8/11/2018"
"dzd-190","4544975076807330000","1","8/13/2018"
"dzd-191","4544980076802330000","1","8/13/2018"
"dzd-192","1455173923885660000","1","8/13/2018"
"dzd-193","8905516202270110000","1","8/13/2018"
"dzd-194","5905484202223110000","1","8/13/2018"
"dzd-195","8905514202250110000","1","8/13/2018"
"dzd-196","1905359201555110000","1","8/13/2018"
"dzd-197","2340891660087970000","1","8/13/2018"
"dzd-198","2544860076141330000","1","8/13/2018"
"dzd-199","1544852076119330000","1","8/13/2018"
"dzd-2","6662880545010910000","1","7/30/2018"
"dzd-20","4780070323366730000","1","8/11/2018"
"dzd-200","6905505202252110000","1","8/13/2018"
"dzd-201","7544990076829330000","1","8/13/2018"
"dzd-202","4105679412880570000","1","8/13/2018"
"dzd-203","3105672412856570000","1","8/13/2018"
"dzd-204","3898086792319320000","1","8/13/2018"
"dzd-205","5898100792354320000","2.0","8/13/2018"
"dzd-206","3105676412881570000","1","8/13/2018"
"dzd-207","4898091792334320000","2.0","8/13/2018"
"dzd-208","3105671412880570000","1","8/13/2018"
"dzd-209","537460666230538000","1","8/18/2018"
"dzd-21","3780069323355730000","1","8/11/2018"
"dzd-210","3419568197933950000","1","8/18/2018"
"dzd-211","8905515202265110000","1","8/18/2018"
"dzd-212","5905496202228110000","1","8/18/2018"
"dzd-213","5905485202225110000","1","8/18/2018"
"dzd-214","5905486202239110000","1","8/18/2018"
"dzd-215","2340895660208970000","1","8/18/2018"
"dzd-216","2905356201568110000","1","8/18/2018"
"dzd-217","1905357201564110000","1","8/18/2018"
"dzd-218","4462555333692460000","1","8/18/2018"
"dzd-219","5462566333697460000","1","8/18/2018"
"dzd-22","4780077323370730000","1","8/11/2018"
"dzd-220","1580453802090040000","1","8/18/2018"
"dzd-221","2580460802106040000","1","8/18/2018"
"dzd-222","3419569197941950000","1","8/18/2018"
"dzd-223","4462552333685460000","1","8/18/2018"
"dzd-224","7544991076829330000","1","8/18/2018"
"dzd-225","5462572333826460000","2.0","8/18/2018"
"dzd-226","3419558197947950000","1","8/18/2018"
"dzd-227","3419557197933950000","1","8/18/2018"
"dzd-228","4537589666907530000","1","8/18/2018"
"dzd-229","5462569333824460000","1","8/18/2018"
"dzd-23","7662884545020910000","2.0","8/11/2018"
"dzd-230","19625465243806100","1","8/18/2018"
"dzd-231","537448666222538000","1","8/18/2018"
"dzd-232","1580457802112040000","1","8/18/2018"
"dzd-233","7537612666932530000","1","8/18/2018"
"dzd-234","3419557197940950000","1","8/18/2018"
"dzd-235","7537612666931530000","1","8/18/2018"
"dzd-236","1580453802090040000","1","8/18/2018"
"dzd-237","5462567333806460000","1","8/18/2018"
"dzd-238","7537612666923530000","1","8/18/2018"
"dzd-239","1580453802093040000","1","8/18/2018"
"dzd-24","3337275455584080000","1","8/11/2018"
"dzd-240","1580455802111040000","1","8/18/2018"
"dzd-241","4537595666906530000","1","8/18/2018"
"dzd-242","537460666230538000","1","8/18/2018"
"dzd-243","455161923875668000","2.0","8/18/2018"
"dzd-244","7544991076829330000","2.0","8/18/2018"
"dzd-245","8466323538979350000","1","8/18/2018"
"dzd-246","1455174923892660000","1","8/18/2018"
"dzd-247","1455175923905660000","1","8/18/2018"
"dzd-248","5544980076812330000","2.0","8/18/2018"
"dzd-249","905347201536115000","4.0","8/18/2018"
"dzd-25","4780071323381730000","1","8/11/2018"
"dzd-250","2105668412865570000","1","8/18/2018"
"dzd-251","7466213538339350000","1","8/18/2018"
"dzd-252","7545002076821330000","3.0","8/18/2018"
"dzd-253","7544990076814330000","1","8/18/2018"
"dzd-254","5905484202226110000","1","8/18/2018"
"dzd-255","2105669412858570000","1","8/18/2018"
"dzd-256","2340894660202970000","3.0","8/18/2018"
"dzd-257","7466209538320350000","1","8/18/2018"
"dzd-258","980374534636193000","1","8/18/2018"
"dzd-259","19630465369806400","1","8/18/2018"
"dzd-26","4780085323384730000","1","8/11/2018"
"dzd-260","7545002076832330000","1","8/18/2018"
"dzd-261","5462566333703460000","1","8/18/2018"
"dzd-262","19623465227806100","1","8/18/2018"
"dzd-263","980374534641193000","1","8/18/2018"
"dzd-264","6466201538331350000","1","8/18/2018"
"dzd-265","3105670412881570000","1","8/18/2018"
"dzd-266","2340895660206970000","1","8/18/2018"
"dzd-267","1340885660072970000","1","8/18/2018"
"dzd-268","7105700412910570000","2.0","8/18/2018"
"dzd-269","3105670412871570000","1","8/18/2018"
"dzd-27","7105702412901570000","1","8/11/2018"
"dzd-270","7105697412901570000","1","8/18/2018"
"dzd-271","7466209538326350000","1","8/18/2018"
"dzd-272","3466179538291350000","1","8/18/2018"
"dzd-273","94652798469884600","1","8/18/2018"
"dzd-274","2105662412856570000","1","8/18/2018"
"dzd-275","2340889660076970000","1","8/18/2018"
"dzd-276","2105666412858570000","1","8/18/2018"
"dzd-277","2340901660218970000","1","8/18/2018"
"dzd-278","1340884660078970000","1","8/18/2018"
"dzd-279","2905366201570110000","1","8/18/2018"
"dzd-28","7105697412908570000","1","8/11/2018"
"dzd-280","7537612666929530000","1","8/18/2018"
"dzd-281","3419563197932950000","1","8/18/2018"
"dzd-282","7545000076814330000","1","8/18/2018"
"dzd-283","4544974076798330000","1","8/18/2018"
"dzd-284","1455169923896660000","1","8/18/2018"
"dzd-285","7466206538335350000","1","8/18/2018"
"dzd-286","7980415534720190000","1","8/18/2018"
"dzd-287","7545001076816330000","1","8/18/2018"
"dzd-288","7544999076816330000","1","8/18/2018"
"dzd-289","7545001076830330000","1","8/18/2018"
"dzd-29","3105666412859570000","1","8/11/2018"
"dzd-290","7545001076816330000","1","8/18/2018"
"dzd-291","3544858076145330000","2.0","8/18/2018"
"dzd-292","4466193538308350000","1","8/18/2018"
"dzd-293","980379534659193000","1","8/18/2018"
"dzd-294","6544994076806330000","1","8/18/2018"
"dzd-295","6544994076806330000","3.0","8/18/2018"
"dzd-296","980385534764193000","1","8/18/2018"
"dzd-297","6466203538322350000","1","8/18/2018"
"dzd-298","1580453802094040000","1","8/18/2018"
"dzd-299","7537612666927530000","1","8/18/2018"
"dzd-3","7662883545019910000","1","7/30/2018"
"dzd-30","2105663412864570000","1","8/11/2018"
"dzd-300","537461666244538000","1","8/18/2018"
"dzd-301","7537610666941530000","1","8/18/2018"
"dzd-302","6466201538336350000","1","8/18/2018"
"dzd-303","7537612666923530000","1","8/18/2018"
"dzd-304","19631465372806400","1","8/18/2018"
"dzd-305","7875780036362050000","1","8/27/2018"
"dzd-306","4128012168883840000","1","8/27/2018"
"dzd-307","7875781036361050000","1","8/27/2018"
"dzd-308","6875778036342050000","1","8/27/2018"
"dzd-309","127887168208844000","1","8/27/2018"
"dzd-31","2105663412855570000","1","8/11/2018"
"dzd-310","3120623758989050000","1","8/27/2018"
"dzd-311","872125831803155000","1","8/27/2018"
"dzd-312","1127889168232840000","1","8/27/2018"
"dzd-313","6570824036674500000","1","8/27/2018"
"dzd-314","5570826036665490000","2.0","8/27/2018"
"dzd-315","5875767036342050000","1","8/27/2018"
"dzd-316","1872130831812150000","1","8/27/2018"
"dzd-317","4128018168896840000","1","8/27/2018"
"dzd-318","5875774036342050000","3.0","8/27/2018"
"dzd-319","8570847036707490000","1","8/27/2018"
"dzd-32","3102041208255670000","1","8/11/2018"
"dzd-320","8875897036995050000","1","8/27/2018"
"dzd-321","8875894037012050000","1","8/27/2018"
"dzd-322","8570849036711490000","1","8/27/2018"
"dzd-323","3875753036310050000","1","8/27/2018"
"dzd-324","4875755036318050000","1","8/27/2018"
"dzd-325","3875753036311050000","1","8/27/2018"
"dzd-326","3875751036322050000","1","8/27/2018"
"dzd-327","5120640759005050000","2.0","8/27/2018"
"dzd-328","8570837036703490000","1","8/27/2018"
"dzd-329","8875890036991050000","1","8/27/2018"
"dzd-33","1897970791681320000","1","8/11/2018"
"dzd-330","8570849036707490000","1","8/27/2018"
"dzd-331","3120628758980050000","1","8/27/2018"
"dzd-332","8875892037008050000","2.0","8/27/2018"
"dzd-333","8570845036686490000","1","8/27/2018"
"dzd-334","8570847036707490000","1","8/27/2018"
"dzd-335","1872125831814150000","1","8/27/2018"
"dzd-336","1127884168226840000","1","8/27/2018"
"dzd-337","4128017168883840000","1","8/27/2018"
"dzd-338","872125831809155000","1","8/27/2018"
"dzd-339","127875168210845000","1","8/27/2018"
"dzd-34","3105671412879570000","1","8/11/2018"
"dzd-340","127876168216844000","1","8/27/2018"
"dzd-341","1872130831812150000","1","8/27/2018"
"dzd-342","5875769036344050000","1","8/27/2018"
"dzd-343","2879520241687940000","1","8/27/2018"
"dzd-344","5883151446210840000","1","8/27/2018"
"dzd-345","2879521241690940000","1","8/27/2018"
"dzd-346","3883135446193840000","1","8/27/2018"
"dzd-347","2120613758989050000","1","8/27/2018"
"dzd-348","5883159446227840000","1","8/27/2018"
"dzd-349","7563456626816700000","1","8/27/2018"
"dzd-35","219929676536263000","1","8/11/2018"
"dzd-350","2563430626766700000","2.0","8/27/2018"
"dzd-351","8883172446245840000","3.0","8/27/2018"
"dzd-352","4883141446217840000","1","8/27/2018"
"dzd-353","2563442626901700000","1","8/27/2018"
"dzd-354","120490758335052000","1","8/27/2018"
"dzd-355","8023390670435700000","1","8/27/2018"
"dzd-356","8570837036705490000","1","8/27/2018"
"dzd-357","3879513241587940000","1","8/27/2018"
"dzd-358","7570837036700500000","1","8/27/2018"
"dzd-359","8570845036688490000","1","8/27/2018"
"dzd-36","1219937676555260000","1","8/11/2018"
"dzd-360","2879528241702940000","1","8/27/2018"
"dzd-361","4883142446206840000","1","8/27/2018"
"dzd-362","6883165446234840000","1","8/27/2018"
"dzd-363","5883151446210840000","1","8/27/2018"
"dzd-364","8883178446253840000","1","8/27/2018"
"dzd-365","5883159446230840000","1","8/27/2018"
"dzd-366","8563461626813700000","1","8/27/2018"
"dzd-367","4883141446217840000","1","8/27/2018"
"dzd-368","6120650759023050000","1","8/27/2018"
"dzd-369","8570843036705490000","1","8/27/2018"
"dzd-37","8783836528540630000","1","8/11/2018"
"dzd-370","8570843036710500000","1","8/27/2018"
"dzd-371","8875892037008050000","1","8/27/2018"
"dzd-372","976749330153297000","1","8/27/2018"
"dzd-373","8563457626806700000","1","8/27/2018"
"dzd-374","1976754330155290000","3.0","8/27/2018"
"dzd-375","4883140446204840000","1","8/27/2018"
"dzd-376","4883139446204840000","1","8/27/2018"
"dzd-377","7570842036695490000","1","8/27/2018"
"dzd-378","7570828036683490000","1","8/27/2018"
"dzd-379","7570840036683490000","1","8/27/2018"
"dzd-38","6662875544998910000","3.0","8/11/2018"
"dzd-380","6120644759029050000","1","8/27/2018"
"dzd-381","6120650759023050000","1","8/27/2018"
"dzd-382","3883134446193840000","1","8/27/2018"
"dzd-383","3120624758988050000","1","8/27/2018"
"dzd-384","7570828036679500000","1","8/27/2018"
"dzd-385","3875758036310050000","1","8/27/2018"
"dzd-386","5570826036664490000","1","8/27/2018"
"dzd-387","120503758336052000","2.0","8/27/2018"
"dzd-388","7883167446243840000","2.0","8/27/2018"
"dzd-389","2563430626767700000","1","8/27/2018"
"dzd-39","4780085323391730000","1","8/11/2018"
"dzd-390","7120650759038050000","1","8/27/2018"
"dzd-391","5883151446207840000","1","8/27/2018"
"dzd-392","4120639759012050000","1","8/27/2018"
"dzd-393","2563436626895700000","1","8/27/2018"
"dzd-394","2563436626895700000","1","8/27/2018"
"dzd-395","8570847036707490000","1","8/27/2018"
"dzd-396","7563444626810700000","1","8/27/2018"
"dzd-397","8023396670433700000","1","8/27/2018"
"dzd-398","7563455626815700000","1","8/27/2018"
"dzd-399","6883159446232840000","1","8/27/2018"
"dzd-4","219934676530263000","1","7/30/2018"
"dzd-40","4662893545111910000","1","8/11/2018"
"dzd-400","7563452626792700000","1","8/27/2018"
"dzd-401","3757853567991460000","1","9/9/2018"
"dzd-402","2757851567991460000","1","9/9/2018"
"dzd-403","2757851567991460000","2.0","9/9/2018"
"dzd-404","5685110300506190000","3.0","9/9/2018"
"dzd-405","1872130831812150000","1","9/9/2018"
"dzd-406","6315063700255810000","3.0","9/9/2018"
"dzd-407","8315070700265810000","4.0","9/9/2018"
"dzd-408","9131660373422740000","2.0","9/9/2018"
"dzd-409","5570818036678490000","1","9/9/2018"
"dzd-41","4780070323369730000","1","8/11/2018"
"dzd-410","2688714504955080000","1","9/9/2018"
"dzd-411","5757877568137460000","1","9/9/2018"
"dzd-412","8245941637253430000","1","9/9/2018"
"dzd-413","8245939637242430000","1","9/9/2018"
"dzd-414","8757880568049460000","1","9/9/2018"
"dzd-415","7757872568022460000","1","9/9/2018"
"dzd-416","7757863568026460000","4.0","9/9/2018"
"dzd-417","7315067700268800000","1","9/9/2018"
"dzd-418","5245910637077430000","1","9/9/2018"
"dzd-419","1802989768653770000","1","9/9/2018"
"dzd-42","219932676544263000","1","8/11/2018"
"dzd-420","5245914637095430000","1","9/9/2018"
"dzd-421","2245923637203430000","1","9/9/2018"
"dzd-422","1754212363472560000","1","9/9/2018"
"dzd-423","1757850568113460000","3.0","9/9/2018"
"dzd-424","8245941637253430000","1","9/9/2018"
"dzd-425","5245921637212430000","1","9/9/2018"
"dzd-426","5245917637086430000","1","9/9/2018"
"dzd-427","5245917637084430000","1","9/9/2018"
"dzd-428","5245911637092430000","1","9/9/2018"
"dzd-429","1754216363486560000","1","9/9/2018"
"dzd-43","648378029435072000","1","8/11/2018"
"dzd-430","1688705504959080000","1","9/9/2018"
"dzd-431","3245929637211430000","1","9/9/2018"
"dzd-432","1688707504948080000","1","9/9/2018"
"dzd-433","2245923637198430000","1","9/9/2018"
"dzd-434","1754215363490560000","1","9/9/2018"
"dzd-435","2757852568004460000","1","9/9/2018"
"dzd-436","8245940637240430000","2.0","9/9/2018"
"dzd-437","5757875568150460000","1","9/9/2018"
"dzd-438","8757874568045460000","1","9/9/2018"
"dzd-439","7245923637103430000","2.0","9/9/2018"
"dzd-44","9220249980630000000","1","8/11/2018"
"dzd-440","6245917637100430000","1","9/9/2018"
"dzd-441","1754219363478560000","1","9/9/2018"
"dzd-442","8883177446252840000","5.0","9/9/2018"
"dzd-443","120502758338052000","1","9/9/2018"
"dzd-444","754101362829567000","1","9/9/2018"
"dzd-445","4685102300492190000","1","9/9/2018"
"dzd-446","2757849567985460000","1","9/9/2018"
"dzd-447","4245906637087430000","1","9/9/2018"
"dzd-448","8245940637240430000","3.0","9/9/2018"
"dzd-449","8757880568037460000","1","9/9/2018"
"dzd-45","2787186429228780000","1","8/11/2018"
"dzd-450","5685107300493190000","1","9/9/2018"
"dzd-451","3314936699597800000","1","9/9/2018"
"dzd-452","6120646759007050000","1","9/9/2018"
"dzd-453","6315059700247810000","1","9/9/2018"
"dzd-454","872130831805154000","3.0","9/9/2018"
"dzd-455","7315067700276810000","1","9/9/2018"
"dzd-456","6315060700258800000","1","9/9/2018"
"dzd-457","9131656373432740000","1","9/9/2018"
"dzd-458","6315059700260810000","1","9/9/2018"
"dzd-459","7315063700252810000","1","9/9/2018"
"dzd-46","3662876545113910000","1","8/11/2018"
"dzd-460","9131660373421740000","1","9/9/2018"
"dzd-461","6315059700254800000","1","9/9/2018"
"dzd-462","1872126831819150000","2.0","9/9/2018"
"dzd-463","5128024168905840000","3.0","9/9/2018"
"dzd-464","872126831790154000","3.0","9/9/2018"
"dzd-465","8757871568050460000","1","9/9/2018"
"dzd-466","5685108300500190000","1","9/9/2018"
"dzd-467","5757875568150460000","1","9/9/2018"
"dzd-468","3757859568123460000","1","9/9/2018"
"dzd-469","8757869568040460000","2.0","9/9/2018"
"dzd-47","3662887545115910000","2.0","8/11/2018"
"dzd-470","5757879568148460000","2.0","9/9/2018"
"dzd-471","7757867568031460000","1","9/9/2018"
"dzd-472","8757874568039460000","1","9/9/2018"
"dzd-473","7315069700257810000","1","9/9/2018"
"dzd-474","5685109300500190000","1","9/9/2018"
"dzd-475","7315068700255810000","1","9/9/2018"
"dzd-476","6315056700237810000","1","9/9/2018"
"dzd-477","1757848568099460000","1","9/9/2018"
"dzd-478","1757849568110460000","1","9/9/2018"
"dzd-479","2757850567997460000","1","9/9/2018"
"dzd-48","8662897545036910000","1","8/11/2018"
"dzd-480","4757868568133460000","1","9/9/2018"
"dzd-481","3757854567992460000","1","9/9/2018"
"dzd-482","8757873568040460000","1","9/9/2018"
"dzd-483","7757872568028460000","1","9/9/2018"
"dzd-484","4875766036319050000","2.0","9/9/2018"
"dzd-485","2127902168237840000","1","9/9/2018"
"dzd-486","6315056700244800000","1","9/9/2018"
"dzd-487","9128028168813840000","2.0","9/9/2018"
"dzd-488","7315068700250800000","2.0","9/9/2018"
"dzd-489","7126483793403810000","2.0","9/9/2018"
"dzd-49","8662889545020910000","1","8/11/2018"
"dzd-490","8757879568037460000","1","9/9/2018"
"dzd-491","8757873568034460000","1","9/9/2018"
"dzd-492","8315078700282810000","1","9/9/2018"
"dzd-493","9131656373435740000","1","9/9/2018"
"dzd-494","6315069700251800000","2.0","9/9/2018"
"dzd-495","7757867568023460000","1","9/9/2018"
"dzd-496","8757867568033460000","1","9/9/2018"
"dzd-497","8320272280422740000","1","9/9/2018"
"dzd-498","4320261280508740000","2.0","9/9/2018"
"dzd-499","6320249280279740000","1","9/9/2018"
"dzd-5","219928676527263000","1","7/30/2018"
"dzd-50","8662901545159910000","1","8/11/2018"
"dzd-500","3245924637188430000","4.0","9/9/2018"
"dzd-501","7197043231300220000","1","9/9/2018"
"dzd-502","802980768633777000","1","9/9/2018"
"dzd-503","7126483793398810000","1","9/9/2018"
"dzd-504","1197035231380220000","1","9/9/2018"
"dzd-505","6126476793381810000","1","9/9/2018"
"dzd-506","877309411828086000","1","9/9/2018"
"dzd-507","4320253280387740000","1","9/9/2018"
"dzd-508","7126481793389810000","1","9/9/2018"
"dzd-509","1802992768767770000","1","9/9/2018"
"dzd-51","3662881545109910000","1","8/11/2018"
"dzd-510","4320253280391740000","1","9/9/2018"
"dzd-511","7126481793389810000","2.0","9/9/2018"
"dzd-512","5320267280512740000","1","9/9/2018"
"dzd-513","7197052231293220000","1","9/9/2018"
"dzd-514","2122689588085910000","1","9/9/2018"
"dzd-515","4320261280501740000","2.0","9/9/2018"
"dzd-516","877305411805086000","1","9/9/2018"
"dzd-517","122694588075913000","1","9/9/2018"
"dzd-518","122698588188913000","1","9/9/2018"
"dzd-519","2122690588091910000","1","9/9/2018"
"dzd-52","3337273455594080000","1","8/11/2018"
"dzd-520","2320238280357740000","1","9/9/2018"
"dzd-521","7197056231313220000","1","9/9/2018"
"dzd-522","197020231252222000","2.0","9/9/2018"
"dzd-523","197030231381222000","1","9/9/2018"
"dzd-524","197020231252222000","1","9/9/2018"
"dzd-525","5197035231283220000","1","9/9/2018"
"dzd-526","4197025231271220000","2.0","9/9/2018"
"dzd-527","7197050231307220000","1","9/9/2018"
"dzd-528","4320263280518740000","1","9/9/2018"
"dzd-529","7197053231297220000","1","9/9/2018"
"dzd-53","6898111792352320000","1","8/11/2018"
"dzd-530","3320244280359740000","2.0","9/9/2018"
"dzd-531","7197055231308220000","1","9/9/2018"
"dzd-532","4320264280515740000","1","9/9/2018"
"dzd-533","1197032231370220000","1","9/9/2018"
"dzd-534","1802988768641770000","2.0","9/9/2018"
"dzd-535","3197046231387220000","1","9/9/2018"
"dzd-536","197020231250222000","1","9/9/2018"
"dzd-537","4197030231271220000","1","9/9/2018"
"dzd-538","5197035231274220000","1","9/9/2018"
"dzd-539","6320248280264740000","1","9/9/2018"
"dzd-54","3662883545117910000","2.0","8/11/2018"
"dzd-540","5320270280529740000","1","9/9/2018"
"dzd-541","4320261280498740000","2.0","9/9/2018"
"dzd-542","3197046231401220000","2.0","9/9/2018"
"dzd-543","7320255280285740000","1","9/9/2018"
"dzd-544","8320273280423740000","1","9/9/2018"
"dzd-545","1754217363492560000","1","9/9/2018"
"dzd-546","1197033231378220000","1","9/9/2018"
"dzd-547","4197027231283220000","1","9/9/2018"
"dzd-548","197020231249222000","1","9/9/2018"
"dzd-549","1754217363491560000","1","9/9/2018"
"dzd-55","6216615776100100000","3.0","8/11/2018"
"dzd-550","5245911637083430000","1","9/9/2018"
"dzd-551","4245908637085430000","1","9/9/2018"
"dzd-552","1197032231364220000","1","9/9/2018"
"dzd-553","3197040231391220000","1","9/9/2018"
"dzd-554","1754217363492560000","1","9/9/2018"
"dzd-555","802987768774777000","1","9/9/2018"
"dzd-556","4197030231271220000","1","9/9/2018"
"dzd-557","3245919637192430000","1","9/9/2018"
"dzd-558","197030231381222000","1","9/9/2018"
"dzd-559","4197025231274220000","1","9/9/2018"
"dzd-56","2337261455581080000","1","8/11/2018"
"dzd-560","3197042231403220000","1","9/9/2018"
"dzd-561","1320236280365740000","1","9/9/2018"
"dzd-562","3197041231389220000","1","9/9/2018"
"dzd-563","7757867568032460000","1","9/9/2018"
"dzd-564","3320252280378740000","1","9/9/2018"
"dzd-565","7757863568026460000","2.0","9/9/2018"
"dzd-566","6320251280385740000","1","9/9/2018"
"dzd-567","5320264280388740000","1","9/9/2018"
"dzd-568","5320263280396740000","1","9/9/2018"
"dzd-569","4320261280501740000","1","9/9/2018"
"dzd-57","7898119792356320000","2.0","8/11/2018"
"dzd-570","1320242280474740000","1","9/9/2018"
"dzd-571","5877325411850080000","1","9/9/2018"
"dzd-572","4122698587986910000","1","9/9/2018"
"dzd-573","4122695587966910000","1","9/9/2018"
"dzd-574","7126480793386810000","1","9/9/2018"
"dzd-575","122694588073913000","1","9/9/2018"
"dzd-576","122697588190913000","2.0","9/9/2018"
"dzd-577","1122697588067910000","2.0","9/9/2018"
"dzd-578","6122710588004910000","1","9/9/2018"
"dzd-579","3122689587960910000","1","9/9/2018"
"dzd-58","9105816413560570000","1","8/11/2018"
"dzd-580","7320255280285740000","1","9/9/2018"
"dzd-581","5122714588113910000","1","9/9/2018"
"dzd-582","6320248280272740000","1","9/9/2018"
"dzd-583","2122690588091910000","2.0","9/9/2018"
"dzd-584","8320263280408740000","1","9/9/2018"
"dzd-585","5122709588123910000","2.0","9/9/2018"
"dzd-586","877319411943086000","1","9/9/2018"
"dzd-587","6122710588001910000","2.0","9/9/2018"
"dzd-588","2122686587964910000","1","9/9/2018"
"dzd-589","4320265280524740000","1","9/9/2018"
"dzd-59","4780070323370730000","1","8/11/2018"
"dzd-590","122697588190913000","1","9/9/2018"
"dzd-591","877305411801086000","1","9/9/2018"
"dzd-592","122697588184913000","1","9/9/2018"
"dzd-593","1459469401683760000","1","9/18/2018"
"dzd-594","983470466870889000","1","9/18/2018"
"dzd-595","2459469401693760000","1","9/18/2018"
"dzd-596","16527533119110800","1","9/18/2018"
"dzd-597","5983484466800880000","1","9/18/2018"
"dzd-598","983472466879889000","1","9/18/2018"
"dzd-599","2459471401676760000","1","9/18/2018"
"dzd-6","219932676546263000","1","7/30/2018"
"dzd-60","6105695412891570000","1","8/11/2018"
"dzd-600","1459463401684760000","1","9/18/2018"
"dzd-601","16527533119110800","2.0","9/18/2018"
"dzd-602","6122715588132910000","1","9/18/2018"
"dzd-603","3540677599002230000","1","9/18/2018"
"dzd-604","3540677599002230000","1","9/18/2018"
"dzd-605","459355401034765000","1","9/18/2018"
"dzd-606","3540677598997230000","1","9/18/2018"
"dzd-607","3983473466772880000","1","9/18/2018"
"dzd-608","1459463401685760000","1","9/18/2018"
"dzd-609","540649598975234000","1","9/18/2018"
"dzd-61","7662884545018910000","1","8/11/2018"
"dzd-610","6877340411880080000","2.0","9/18/2018"
"dzd-611","540654598969234000","1","9/18/2018"
"dzd-612","540654598977234000","1","9/18/2018"
"dzd-613","6877325411858080000","1","9/18/2018"
"dzd-614","983476466879889000","1","9/18/2018"
"dzd-615","8983614467455880000","1","9/18/2018"
"dzd-616","3540677598997230000","1","9/18/2018"
"dzd-617","8990993877338680000","1","9/18/2018"
"dzd-618","5990871876688680000","1","9/18/2018"
"dzd-619","4459480401706760000","3.0","9/18/2018"
"dzd-62","780073323458736000","1","8/11/2018"
"dzd-620","3540676599020230000","1","9/18/2018"
"dzd-621","4990866876684680000","1","9/18/2018"
"dzd-622","540649598975234000","1","9/18/2018"
"dzd-623","2459478401680760000","1","9/18/2018"
"dzd-624","4990869876667680000","1","9/18/2018"
"dzd-625","7983614467453880000","1","9/18/2018"
"dzd-626","3983479466788880000","1","9/18/2018"
"dzd-627","4983474466782880000","1","9/18/2018"
"dzd-628","7983603467460880000","1","9/18/2018"
"dzd-629","983469466872889000","1","9/18/2018"
"dzd-63","8783839528560630000","1","8/11/2018"
"dzd-630","6983603467447880000","1","9/18/2018"
"dzd-631","6877325411855080000","1","9/18/2018"
"dzd-632","4122700588105910000","1","9/18/2018"
"dzd-633","540650598986234000","1","9/18/2018"
"dzd-634","3459487401707760000","1","9/18/2018"
"dzd-635","3540680599014230000","1","9/18/2018"
"dzd-636","2459479401693760000","1","9/18/2018"
"dzd-637","2540670599010230000","2.0","9/18/2018"
"dzd-638","3122694588088910000","3.0","9/18/2018"
"dzd-639","7990988877334680000","1","9/18/2018"
"dzd-64","351623970555927000","1","8/11/2018"
"dzd-640","3122690587974910000","2.0","9/18/2018"
"dzd-641","4122707588109910000","1","9/18/2018"
"dzd-642","6126467793396810000","1","9/18/2018"
"dzd-643","4122696587980910000","1","9/18/2018"
"dzd-644","7983604467458880000","1","9/18/2018"
"dzd-645","7320255280285740000","2.0","9/18/2018"
"dzd-646","6877325411855080000","1","9/18/2018"
"dzd-647","4122696587969910000","1","9/18/2018"
"dzd-648","122697588190913000","1","9/18/2018"
"dzd-649","4990871876679680000","1","9/18/2018"
"dzd-65","8662898545141910000","1","8/11/2018"
"dzd-650","16534533126110800","1","9/18/2018"
"dzd-651","983472466885889000","1","9/18/2018"
"dzd-652","6877325411862080000","6.0","9/18/2018"
"dzd-653","8463122606242660000","1","9/18/2018"
"dzd-654","7463109606223660000","1","9/18/2018"
"dzd-655","877319411954086000","1","9/18/2018"
"dzd-656","7463114606221660000","1","9/18/2018"
"dzd-657","983472466884889000","1","9/18/2018"
"dzd-658","983476466887889000","1","9/18/2018"
"dzd-659","2540675599011230000","1","9/18/2018"
"dzd-66","7662896545147910000","1","8/11/2018"
"dzd-660","2540668598999230000","2.0","9/18/2018"
"dzd-661","540650598986234000","2.0","9/18/2018"
"dzd-662","5459492401710760000","1","9/18/2018"
"dzd-663","3459474401702760000","1","9/18/2018"
"dzd-664","3540675599018230000","1","9/18/2018"
"dzd-665","3540677599001230000","4.0","9/18/2018"
"dzd-666","983469466878889000","1","9/18/2018"
"dzd-667","2540663598992230000","1","9/18/2018"
"dzd-668","3983473466772880000","3.0","9/18/2018"
"dzd-669","983472466885889000","1","9/18/2018"
"dzd-67","7105703412912570000","1","8/11/2018"
"dzd-670","4459480401706760000","1","9/18/2018"
"dzd-671","3540675599016230000","3.0","9/18/2018"
"dzd-672","4459491401706760000","1","9/18/2018"
"dzd-673","2459466401673760000","1","9/18/2018"
"dzd-674","3540677598993230000","1","9/18/2018"
"dzd-675","540655598977234000","1","9/18/2018"
"dzd-676","540653598991234000","1","9/18/2018"
"dzd-677","459352401020765000","1","9/18/2018"
"dzd-678","6122709587998910000","2.0","9/18/2018"
"dzd-679","2540662598996230000","1","9/18/2018"
"dzd-68","9105816413555570000","1","8/11/2018"
"dzd-680","2540673598997230000","1","9/18/2018"
"dzd-681","8983614467460880000","1","9/18/2018"
"dzd-682","6877340411876080000","2.0","9/18/2018"
"dzd-683","4122699588091910000","1","9/18/2018"
"dzd-684","7983604467450880000","1","9/18/2018"
"dzd-685","7983614467448880000","1","9/18/2018"
"dzd-686","877306411805086000","3.0","9/18/2018"
"dzd-687","6877326411858080000","1","9/18/2018"
"dzd-688","122695588074913000","2.0","9/18/2018"
"dzd-689","3452085991807970000","2.0","9/18/2018"
"dzd-69","7105702412897570000","1","8/11/2018"
"dzd-690","9138216206659590000","1","9/18/2018"
"dzd-691","6138206206632590000","1","9/18/2018"
"dzd-692","9138217206652590000","2.0","9/18/2018"
"dzd-693","3452099991814970000","1","9/18/2018"
"dzd-694","9138224206667590000","1","9/18/2018"
"dzd-695","452075991790973000","2.0","9/18/2018"
"dzd-696","548041008856027000","1","9/18/2018"
"dzd-697","9138227206785590000","1","9/18/2018"
"dzd-698","4452095991825970000","2.0","9/18/2018"
"dzd-699","548045008873027000","1","9/18/2018"
"dzd-7","3662881545109910000","1","7/30/2018"
"dzd-70","9105826413555570000","1","8/11/2018"
"dzd-700","548045008873027000","1","9/18/2018"
"dzd-701","6455721196341860000","3.0","9/18/2018"
"dzd-702","6455721196341860000","2.0","9/18/2018"
"dzd-703","1548046008889020000","1","9/18/2018"
"dzd-704","1548042008869020000","4.0","9/18/2018"
"dzd-705","1548047008868020000","2.0","9/18/2018"
"dzd-706","2138196206720590000","1","9/18/2018"
"dzd-707","4452096991805970000","2.0","9/18/2018"
"dzd-708","8308510866911950000","1","9/18/2018"
"dzd-709","8308508866904950000","1","9/18/2018"
"dzd-71","2780061323371730000","1","8/11/2018"
"dzd-710","3138200206750590000","1","9/18/2018"
"dzd-711","5455741196451860000","3.0","9/18/2018"
"dzd-712","2138197206724590000","1","9/18/2018"
"dzd-713","3138200206747590000","1","9/18/2018"
"dzd-714","6548061008783020000","1","9/18/2018"
"dzd-715","9138217206656590000","1","9/18/2018"
"dzd-716","8308517867026950000","1","9/18/2018"
"dzd-717","7548064008803020000","1","9/18/2018"
"dzd-718","3452099991814970000","1","9/18/2018"
"dzd-719","1548046008889020000","1","9/18/2018"
"dzd-72","3898091792324320000","1","8/11/2018"
"dzd-720","7919664187460430000","1","9/18/2018"
"dzd-721","9138230206791590000","1","9/18/2018"
"dzd-722","9138230206802590000","1","9/18/2018"
"dzd-723","9138225206673590000","1","9/18/2018"
"dzd-724","3452096991804970000","1","9/18/2018"
"dzd-725","7548067008790020000","1","9/18/2018"
"dzd-726","5455742196463860000","3.0","9/18/2018"
"dzd-727","8138212206654590000","1","9/18/2018"
"dzd-728","4138217206754590000","1","9/18/2018"
"dzd-729","2452094991815970000","1","9/18/2018"
"dzd-73","7662883545019910000","1","8/11/2018"
"dzd-730","3452098991815970000","1","9/18/2018"
"dzd-731","5455733196442860000","1","9/18/2018"
"dzd-732","7308503866895950000","1","9/18/2018"
"dzd-733","4459487401707760000","1","9/18/2018"
"dzd-734","7308503866895950000","1","9/18/2018"
"dzd-735","4452104991820970000","4.0","9/18/2018"
"dzd-736","9138217206658590000","1","9/18/2018"
"dzd-737","1452078991786970000","1","9/18/2018"
"dzd-738","4459487401707760000","2.0","9/18/2018"
"dzd-739","3990856876679680000","4.0","9/18/2018"
"dzd-74","8780210324064730000","1","8/11/2018"
"dzd-740","3983476466767880000","1","9/18/2018"
"dzd-741","7990991877349680000","1","9/18/2018"
"dzd-742","4459480401707760000","1","9/18/2018"
"dzd-743","4990857876666680000","1","9/18/2018"
"dzd-744","983476466886889000","2.0","9/18/2018"
"dzd-745","6990883876701680000","2.0","9/18/2018"
"dzd-746","452074991774973000","1","9/18/2018"
"dzd-747","6990883876702680000","1","9/18/2018"
"dzd-748","8990995877346680000","2.0","9/18/2018"
"dzd-749","452067991776973000","1","9/18/2018"
"dzd-75","1780076323486730000","1","8/11/2018"
"dzd-750","3990866876671680000","1","9/18/2018"
"dzd-751","2459470401695760000","1","9/18/2018"
"dzd-752","540654598977234000","1","9/18/2018"
"dzd-753","4452100991824970000","1","9/18/2018"
"dzd-754","5990868876694680000","1","9/18/2018"
"dzd-755","8990993877342680000","2.0","9/18/2018"
"dzd-756","5455740196457860000","1","9/18/2018"
"dzd-757","452070991781973000","1","9/18/2018"
"dzd-758","5990877876688680000","2.0","9/18/2018"
"dzd-759","6455725196337860000","1","9/18/2018"
"dzd-76","3898090792323320000","1","8/11/2018"
"dzd-760","1548045008884020000","1","9/18/2018"
"dzd-761","452073991773973000","1","9/18/2018"
"dzd-762","5455733196444860000","1","9/18/2018"
"dzd-763","6990876876683680000","1","9/18/2018"
"dzd-764","4452095991824970000","2.0","9/18/2018"
"dzd-765","4452095991824970000","1","9/18/2018"
"dzd-766","1459466401666760000","1","9/18/2018"
"dzd-767","1754219363478560000","1","9/18/2018"
"dzd-768","2452084991790970000","1","9/18/2018"
"dzd-769","4122693587963910000","3.0","9/18/2018"
"dzd-77","3898091792322320000","1","8/11/2018"
"dzd-770","4452101991804970000","2.0","9/18/2018"
"dzd-771","6990877876686680000","2.0","9/18/2018"
"dzd-772","6455725196337860000","2.0","9/18/2018"
"dzd-773","548039008875027000","1","9/18/2018"
"dzd-774","548041008856027000","1","9/18/2018"
"dzd-775","5990874876677680000","1","9/18/2018"
"dzd-776","6455725196337860000","3.0","9/18/2018"
"dzd-777","540661598972234000","1","9/18/2018"
"dzd-778","540650598986234000","1","9/18/2018"
"dzd-779","8991000877344680000","1","9/18/2018"
"dzd-78","8898125792362320000","1","8/11/2018"
"dzd-780","5990873876696680000","1","9/18/2018"
"dzd-781","1990839876632680000","1","9/18/2018"
"dzd-782","3990852876656680000","1","9/18/2018"
"dzd-783","3990855876675680000","2.0","9/18/2018"
"dzd-784","1540660598976230000","1","9/18/2018"
"dzd-785","2138194206733590000","2.0","10/7/2018"
"dzd-786","2138196206721590000","1","10/7/2018"
"dzd-787","3865583998590300000","1","10/7/2018"
"dzd-788","6548062008787020000","2.0","10/7/2018"
"dzd-789","8581142075187240000","1","10/7/2018"
"dzd-79","4780070323370730000","1","8/11/2018"
"dzd-790","3865580998598300000","1","10/7/2018"
"dzd-791","6138206206639590000","2.0","10/7/2018"
"dzd-792","3452093991814970000","1","10/7/2018"
"dzd-793","8138211206648590000","1","10/7/2018"
"dzd-794","548040008873027000","3.0","10/7/2018"
"dzd-795","4138216206755590000","1","10/7/2018"
"dzd-796","6548055008783020000","1","10/7/2018"
"dzd-797","6865579998486300000","1","10/7/2018"
"dzd-798","6865576998497300000","1","10/7/2018"
"dzd-799","865556998436302000","1","10/7/2018"
"dzd-8","7230115297569440000","1","7/30/2018"
"dzd-80","8898125792362320000","1","8/11/2018"
"dzd-800","134446001448697000","1","10/7/2018"
"dzd-801","865560998564302000","1","10/7/2018"
"dzd-802","865556998440302000","1","10/7/2018"
"dzd-803","865556998439302000","1","10/7/2018"
"dzd-804","1865562998445300000","1","10/7/2018"
"dzd-805","865556998436302000","1","10/7/2018"
"dzd-806","134445001451697000","1","10/7/2018"
"dzd-807","865558998443302000","1","10/7/2018"
"dzd-808","2452080991797970000","1","10/7/2018"
"dzd-809","4020186737782000000","4.0","10/7/2018"
"dzd-81","3780069323360730000","1","8/11/2018"
"dzd-810","5020303738431000000","1","10/7/2018"
"dzd-811","3020184737772000000","1","10/7/2018"
"dzd-812","865560998552302000","1","10/7/2018"
"dzd-813","865558998444302000","1","10/7/2018"
"dzd-814","6865579998478300000","1","10/7/2018"
"dzd-815","865555998426302000","2.0","10/7/2018"
"dzd-816","6865579998480300000","1","10/7/2018"
"dzd-817","20158737745006800","2.0","10/7/2018"
"dzd-818","326666112928593000","1","10/7/2018"
"dzd-819","3426392335298540000","1","10/7/2018"
"dzd-82","3898085792325320000","1","8/11/2018"
"dzd-820","6769608981408240000","1","10/7/2018"
"dzd-821","2673329886964400000","1","10/7/2018"
"dzd-822","3769614981494240000","1","10/7/2018"
"dzd-823","4769624981520240000","1","10/7/2018"
"dzd-824","2020176737773000000","1","10/7/2018"
"dzd-825","6020309738435000000","4.0","10/7/2018"
"dzd-826","4577372869898350000","2.0","10/7/2018"
"dzd-827","5020303738431000000","1","10/7/2018"
"dzd-828","3020184737769000000","1","10/7/2018"
"dzd-829","6422783130708640000","2.0","10/7/2018"
"dzd-83","8780207324046730000","1","8/11/2018"
"dzd-830","865556998443302000","1","10/7/2018"
"dzd-831","1577382870003350000","1","10/7/2018"
"dzd-832","4138205206743590000","2.0","10/7/2018"
"dzd-833","1673344887086400000","1","10/7/2018"
"dzd-834","4426396335202540000","1","10/7/2018"
"dzd-835","1673345887085400000","1","10/7/2018"
"dzd-836","673339887080406000","1","10/7/2018"
"dzd-837","1673350887089400000","1","10/7/2018"
"dzd-838","1673345887083400000","1","10/7/2018"
"dzd-839","2020178737759000000","1","10/7/2018"
"dzd-84","2897977791665320000","1","8/11/2018"
"dzd-840","3020188737788000000","1","10/7/2018"
"dzd-841","5020304738432000000","1","10/7/2018"
"dzd-842","7581029074537240000","1","10/7/2018"
"dzd-843","5577385869911350000","1","10/7/2018"
"dzd-844","3577366869878350000","1","10/7/2018"
"dzd-845","3020177737784000000","1","10/7/2018"
"dzd-846","3577366869878350000","1","10/7/2018"
"dzd-847","20158737759006800","1","10/7/2018"
"dzd-848","7577397869931350000","1","10/7/2018"
"dzd-849","6020309738434000000","1","10/7/2018"
"dzd-85","219934676525263000","1","8/11/2018"
"dzd-850","20156737741006800","1","10/7/2018"
"dzd-851","20162737743006800","1","10/7/2018"
"dzd-852","7422790130732640000","1","10/7/2018"
"dzd-853","6020309738439000000","1","10/7/2018"
"dzd-854","6422787130711640000","1","10/7/2018"
"dzd-855","5577391870042350000","3.0","10/7/2018"
"dzd-856","2577365869879350000","1","10/7/2018"
"dzd-857","3577368869885350000","1","10/7/2018"
"dzd-858","4577374869900350000","1","10/7/2018"
"dzd-859","6577391869916350000","2.0","10/7/2018"
"dzd-86","7662896545143910000","3.0","8/11/2018"
"dzd-860","5577391870041350000","2.0","10/7/2018"
"dzd-861","8581145075203240000","1","10/7/2018"
"dzd-862","6577397870042350000","2.0","10/7/2018"
"dzd-863","7577399870043350000","1","10/7/2018"
"dzd-864","4577374869903350000","1","10/7/2018"
"dzd-865","6422787130711640000","1","10/7/2018"
"dzd-866","4577372869898350000","1","10/7/2018"
"dzd-867","6577396870049350000","1","10/7/2018"
"dzd-868","5577389870027350000","1","10/7/2018"
"dzd-869","6577393870027350000","1","10/7/2018"
"dzd-87","4898095792343320000","1","8/11/2018"
"dzd-870","7422789130725640000","1","10/7/2018"
"dzd-871","6577397870047350000","3.0","10/7/2018"
"dzd-872","3577370869876350000","1","10/7/2018"
"dzd-873","6577397870043350000","4.0","10/7/2018"
"dzd-874","3020184737772000000","1","10/7/2018"
"dzd-875","7020324738464000000","1","10/7/2018"
"dzd-876","5020300738442000000","1","10/7/2018"
"dzd-877","3020189737786000000","1","10/7/2018"
"dzd-878","4426397335198540000","1","10/7/2018"
"dzd-879","4426399335310540000","1","10/7/2018"
"dzd-88","3898089792340320000","1","8/11/2018"
"dzd-880","4426397335202540000","1","10/7/2018"
"dzd-881","7020310738448000000","2.0","10/7/2018"
"dzd-882","3326692112972590000","1","10/7/2018"
"dzd-883","3426388335176540000","2.0","10/7/2018"
"dzd-884","3577371869877350000","1","10/7/2018"
"dzd-885","4426399335311540000","2.0","10/7/2018"
"dzd-886","1326678112944590000","1","10/7/2018"
"dzd-887","3326692112977590000","1","10/7/2018"
"dzd-888","3673335886964400000","1","10/7/2018"
"dzd-889","1326667112941590000","1","10/7/2018"
"dzd-89","4898091792334320000","1","8/11/2018"
"dzd-890","3326690112963590000","1","10/7/2018"
"dzd-891","326674112940593000","1","10/7/2018"
"dzd-892","1326666112937590000","1","10/7/2018"
"dzd-893","3326691112960590000","1","10/7/2018"
"dzd-894","2020182737779000000","6.0","10/7/2018"
"dzd-895","673343887065406000","1","10/7/2018"
"dzd-896","2673329886968400000","2.0","10/7/2018"
"dzd-897","5769600981390240000","1","10/7/2018"
"dzd-898","1326681112958590000","1","10/7/2018"
"dzd-899","3769615981496240000","1","10/7/2018"
"dzd-9","3662881545109910000","1","7/30/2018"
"dzd-90","1780077323488730000","1","8/11/2018"
"dzd-900","2326687112967590000","2.0","10/7/2018"
"dzd-901","3769615981498240000","1","10/7/2018"
"dzd-902","4769624981517240000","1","10/7/2018"
"dzd-903","4769615981510240000","1","10/7/2018"
"dzd-904","3769614981500240000","1","10/7/2018"
"dzd-905","3326686112962590000","2.0","10/7/2018"
"dzd-906","2020182737780000000","2.0","10/7/2018"
"dzd-907","2673328886954400000","1","10/7/2018"
"dzd-908","2020168737759000000","1","10/7/2018"
"dzd-909","2020178737760000000","1","10/7/2018"
"dzd-91","7898120792355320000","1","8/11/2018"
"dzd-910","3020184737768000000","2.0","10/7/2018"
"dzd-911","1673347887065400000","1","10/7/2018"
"dzd-912","4426399335312540000","1","10/7/2018"
"dzd-913","3326686112963590000","1","10/7/2018"
"dzd-914","2326677112942590000","1","10/7/2018"
"dzd-915","1326679112953590000","1","10/7/2018"
"dzd-916","2673330886961400000","1","10/7/2018"
"dzd-917","326667112934593000","1","10/7/2018"
"dzd-918","5577389870027350000","1","10/7/2018"
"dzd-919","2326677112945590000","1","10/7/2018"
"dzd-92","7105699412909570000","1","8/11/2018"
"dzd-920","5577386869917350000","5.0","10/7/2018"
"dzd-921","3326685112971590000","1","10/7/2018"
"dzd-922","2673327886948400000","1","10/7/2018"
"dzd-923","6769613981402240000","1","10/7/2018"
"dzd-924","7677099092257300000","1","10/7/2018"
"dzd-925","5789381258870650000","1","10/7/2018"
"dzd-926","2020180737775000000","1","10/7/2018"
"dzd-927","2673328886952400000","2.0","10/7/2018"
"dzd-928","3769607981382240000","2.0","10/7/2018"
"dzd-929","8677111092279300000","1","10/7/2018"
"dzd-93","4102043208241670000","1","8/11/2018"
"dzd-930","8769631981418240000","1","10/7/2018"
"dzd-931","6769613981399240000","2.0","10/7/2018"
"dzd-932","8673353887016400000","1","10/7/2018"
"dzd-933","3230408018423750000","1","10/7/2018"
"dzd-934","8677106092275300000","1","10/7/2018"
"dzd-935","7677100092259300000","1","10/7/2018"
"dzd-936","326660112935593000","1","10/7/2018"
"dzd-937","6769607981402240000","1","10/7/2018"
"dzd-938","3673345887103400000","1","10/7/2018"
"dzd-939","326667112935593000","1","10/7/2018"
"dzd-94","6105697412902570000","1","8/11/2018"
"dzd-940","3673345887095400000","1","10/7/2018"
"dzd-941","3020184737769000000","1","10/7/2018"
"dzd-942","3326684112961590000","1","10/7/2018"
"dzd-943","1326667112949590000","1","10/7/2018"
"dzd-944","20159737757006800","1","10/7/2018"
"dzd-945","3230418018545750000","1","10/7/2018"
"dzd-946","7677099092256300000","1","10/7/2018"
"dzd-947","7769627981420240000","3.0","10/7/2018"
"dzd-948","5769603981407240000","1","10/7/2018"
"dzd-949","3230408018424750000","1","10/7/2018"
"dzd-95","8105818413561570000","1","8/11/2018"
"dzd-950","4769621981506240000","2.0","10/7/2018"
"dzd-951","3230417018547750000","1","10/7/2018"
"dzd-952","7677099092257300000","1","10/7/2018"
"dzd-953","8677114092291300000","1","10/7/2018"
"dzd-954","8769631981417240000","2.0","10/7/2018"
"dzd-955","8677110092271300000","1","10/7/2018"
"dzd-956","8677110092269300000","1","10/7/2018"
"dzd-957","5789376258866650000","1","10/7/2018"
"dzd-958","8677104092265300000","1","10/7/2018"
"dzd-959","4230421018575750000","1","10/7/2018"
"dzd-96","4898094792341320000","2.0","8/11/2018"
"dzd-960","8769631981428240000","3.0","10/7/2018"
"dzd-961","210643741054349000","1","10/7/2018"
"dzd-962","5657334814776900000","1","10/7/2018"
"dzd-963","5657331814779900000","1","10/7/2018"
"dzd-964","3789385258983650000","1","10/7/2018"
"dzd-965","5455734196446860000","3.0","10/7/2018"
"dzd-966","789365258967650000","1","10/7/2018"
"dzd-967","210634741040349000","1","10/7/2018"
"dzd-968","4789372258876650000","1","10/7/2018"
"dzd-969","4789376258870650000","1","10/7/2018"
"dzd-97","7898124792375320000","1","8/11/2018"
"dzd-970","4657326814749900000","1","10/7/2018"
"dzd-971","210634741044349000","1","10/7/2018"
"dzd-972","1789382258979650000","1","10/7/2018"
"dzd-973","4657327814754900000","1","10/7/2018"
"dzd-974","1210641741049340000","1","10/7/2018"
"dzd-975","4657327814751900000","1","10/7/2018"
"dzd-976","4657325814767900000","1","10/7/2018"
"dzd-977","6232304127415300000","1","10/7/2018"
"dzd-978","5214409946368240000","1","10/7/2018"
"dzd-979","7214400946254240000","1","10/7/2018"
"dzd-98","1780079323469730000","1","8/11/2018"
"dzd-980","6214410946245240000","1","10/7/2018"
"dzd-981","1210642741051340000","1","10/7/2018"
"dzd-982","5657334814768900000","1","10/7/2018"
"dzd-983","4657322814752900000","1","10/7/2018"
"dzd-984","5657334814762900000","1","10/7/2018"
"dzd-985","4789372258872650000","1","10/7/2018"
"dzd-986","4789372258872650000","2.0","10/7/2018"
"dzd-987","3789387258990650000","2.0","10/7/2018"
"dzd-988","8677105092271300000","3.0","10/7/2018"
"dzd-989","6232308127404300000","1","10/7/2018"
"dzd-99","7780201324047730000","2.0","8/11/2018"
"dzd-990","6214421946373240000","1","10/7/2018"
"dzd-991","7214404946255240000","1","10/7/2018"
"dzd-992","7677100092260300000","1","10/7/2018"
"dzd-993","3096505478136650000","2.0","10/7/2018"
"dzd-994","653558609455004000","1","10/7/2018"
"dzd-995","5096520478174650000","1","10/7/2018"
"dzd-996","4657324814770900000","1","10/7/2018"
"dzd-997","2096491478013650000","2.0","10/7/2018"
"dzd-998","6350222595729890000","1","10/7/2018"
"dzd-999","5096514478036650000","1","10/7/2018"
